Municipality,territory__altitude,territory__longitude,territory__latitude,territory__geographic_indicators_utm_coordinates_x_utm_coordinates_x,territory__geographic_indicators_utm_coordinates_y_utm_coordinates_y,population_density_of_population_density_density,population_population_by_sex_total,population_population_by_age_groups_from_0_to_14_years,population_population_by_age_groups_from_15_to_64_years,population_population_by_age_groups_from_65_to_84_years,population_population_by_age_groups_from_85_years_and_over,population_men_population_from_0_to_14_years,population_men_population_from_15_to_64_years,population_men_population_from_65_to_84_years,population_men_population_from_85_years_and_over,population_men_population_total,population_women_population_from_0_to_14_years,population_women_population_from_15_to_64_years,population_women_population_from_65_to_84_years,population_women_population_from_85_years_and_over,population_women_population_total,population_population_by_place_of_birth_population_born_in_catalonia_catalonia,population_population_by_place_of_birth_rest_of_spain,population_population_by_place_of_birth_abroad,population_population_by_nationality_population_with_spanish_nationality_spanish,population_population_by_nationality_foreign,population_men_population_men_with_spanish_nationality_spanish,population_men_population_foreign,population_women_population_women_with_spanish_nationality_spanish,population_women_population_foreign,population_population_resident_abroad_on_1_january_men,population_population_resident_abroad_on_1_january_women,population_population_resident_abroad_on_1_january_total,population_study_reasons_students,population_study_reasons_students_who_study_in_the_same_municipality,population_births_by_sex_boys,population_births_by_sex_girls,population_births_by_sex_total,population_deaths_by_sex_men,population_deaths_by_sex_women,population_deaths_by_sex_total,population_marriages_marriages_total,population_internal_migrations_destination_origin_balances_balance_with_catalonia,population_internal_migrations_destination_origin_balances_balance_with_spain,population_internal_migrations_destination_origin_balances_internal_migratory_net_balance,population_external_migrations_external_immigrations_immigrations,population_external_migrations_external_emigrations_emigrations,population_external_immigrations_by_place_of_origin_rest_of_eu,population_external_immigrations_by_place_of_origin_rest_of_the_world,population_population_growth_2001_2011_growth,population_population_growth_2001_2011_growth_annual_average,population_population_growth_2001_2011_increase_annual_average,population_population_growth_2001_2011_migration_annual_average,culture_knowledge_of_catalan_understand,culture_knowledge_of_catalan_speak,culture_knowledge_of_catalan_read,culture_knowledge_of_catalan_write,culture_knowledge_of_catalan_total,culture_libraries_public,culture_libraries_others,culture_libraries_total,culture_sports_facilities_total,education_level_of_education_attained_primary_education_or_lower,education_level_of_education_attained_first_stage_of_secondary_education,education_level_of_education_attained_second_stage_of_secondary_education,education_level_of_education_attained_higher_education,elections_municipal_elections_turnout,elections_elections_to_the_parliament_of_catalonia_electors,elections_elections_to_the_parliament_of_catalonia_turnout,elections_elections_to_the_congress_of_deputies_electors,elections_elections_to_the_congress_of_deputies_turnout,elections_elections_to_the_european_parliament_turnout,elections_elections_to_the_european_parliament_electors,labour_contributors_to_social_security_according_to_contributors_s_residence_contributors_to_social_security_according_to_contributors_s_residence_men,labour_contributors_to_social_security_according_to_contributors_s_residence_contributors_to_social_security_according_to_contributors_s_residence_women,labour_contributors_to_social_security_according_to_contributors_s_residence_contributors_to_social_security_according_to_contributors_s_residence_total,labour_affiliations_to_social_security_according_to_contributor_s_residence_affiliations_to_social_security_according_to_contributor_s_residence_total,labour_affiliations_to_general_system_according_to_location_of_affilation_by_sectors_industry,labour_affiliations_to_general_system_according_to_location_of_affilation_by_sectors_services,labour_affiliations_to_general_system_according_to_location_of_affilation_by_sectors_total,labour_affiliations_to_self_employed_system_according_to_location_of_affilation_by_sectors_services,labour_affiliations_to_self_employed_system_according_to_location_of_affilation_by_sectors_total,labour_affiliations_to_gen_system_according_to_location_of_affilation_s_general_system_according_to_the_location_of_the_affilation_up_to_50_workers,labour_affiliations_to_gen_system_according_to_location_of_affilation_s_general_system_according_to_the_location_of_the_affilation_from_51_to_250_workers,labour_affiliations_to_gen_system_according_to_location_of_affilation_s_general_system_according_to_the_location_of_the_affilation_from_251_workers_and_over,labour_contributory_accounts_of_social_security_contributory_accounts_of_social_security_total,labour_contributory_social_security_pensions_total,labour_contributory_social_security_pensions_contributory_social_security_pensions_average_pension,labour_contributory_social_security_by_sex_men,labour_contributory_social_security_by_sex_women,labour_contributory_social_security_by_sex_total,labour_registered_unemployment_by_sectors_by_sectors_agriculture,labour_registered_unemployment_by_sectors_by_sectors_industry,labour_registered_unemployment_by_sectors_by_sectors_construction,labour_registered_unemployment_by_sectors_by_sectors_services,labour_registered_unemployment_by_sectors_registered_unemployment_without_previous_employment,labour_registered_unemployment_by_sectors_registered_unemployment_total,labour_registered_unemployment_by_sex_by_sex_men,labour_registered_unemployment_by_sex_by_sex_women,labour_registered_unemployment_by_sex_registered_unemployment_total,quality_of_life_type_of_dwellings_main,quality_of_life_type_of_dwellings_total,main_aggregates_urban_property_tax_number_of_receipts,main_aggregates_urban_property_tax_taxable_base_by_receipt,main_aggregates_urban_property_tax_integral_quota_by_receipt,main_aggregates_personal_taxable_base_by_declarer,main_aggregates_personal_resulting_quota_from_self_payment_by_declarer,economic_sectors_used_agricultural_area_cultivated_land,economic_sectors_used_agricultural_area_permanent_pasture,economic_sectors_used_agricultural_area_total,economic_sectors_cultivated_land_total,economic_sectors_land_ownership_without_land,economic_sectors_land_ownership_with_land,economic_sectors_land_ownership_total,economic_sectors_livestock_ownership_without_livestock,economic_sectors_livestock_ownership_with_livestock,economic_sectors_housing_construction_state_subsidised_housing_starts,economic_sectors_housing_construction_housing_starts,economic_sectors_tourist_accommodation_hotels,economic_sectors_tourist_accommodation_hotel_beds,economic_sectors_tourist_accommodation_campsites,economic_sectors_tourist_accommodation_campsite_places,economic_sectors_tourist_accommodation_rural_tourism,economic_sectors_tourist_accommodation_rural_tourism_beds,economic_sectors_fleet_of_vehicles_estate_cars,economic_sectors_fleet_of_vehicles_motorcycles,economic_sectors_fleet_of_vehicles_industrial_vehicles,economic_sectors_fleet_of_vehicles_others,economic_sectors_fleet_of_vehicles_total,environment_municipal_waste_generation_per_capita,environment_municipal_waste_selective_collection,environment_industrial_waste_establishments_with_yearly_waste_declarations,environment_industrial_waste_industrial_waste,economic_sectors_head_of_livestock_main,economic_sectors_cultivated_land_main,population_population_by_sex_main,culture_sports_facilities_main,missing_count
259139,1173.0,1.827439,42.34665,403415.0,4689015.0,7.5,93.0,0.053763440860215055,0.6451612903225806,0.27956989247311825,0.021505376344086023,0.043010752688172046,0.3763440860215054,0.17204301075268819,0.010752688172043012,0.6021505376344086,0.010752688172043012,0.26881720430107525,0.10752688172043011,0.010752688172043012,0.3978494623655914,0.9139784946236559,0.08602150537634409,0.0,0.989247311827957,0.010752688172043012,0.5913978494623656,0.010752688172043012,0.3978494623655914,0.0,0.03225806451612903,0.010752688172043012,0.043010752688172046,0.0,0.11124805620519143,0.0,0.0,0.0,0.0,0.0,0.0,0.0,0.010752688172043012,0.0,0.010752688172043012,0.0,0.0,0.0,0.0,0.4838709677419355,46.15,4.1,42.05,1.2795698924731183,1.2580645161290323,1.2580645161290323,0.946236559139785,1.2795698924731183,0.0,0.0,0.0,0.010752688172043012,8.0,18.4,19.5,54.0,63.969640800339604,0.978494623655914,93.4,0.9247311827956989,77.9,63.9,1.043010752688172,0.3118279569892473,0.1935483870967742,0.5053763440860215,0.5376344086021505,0.0,0.21858254784792655,0.30284446041754426,0.08602150537634409,0.13978494623655913,0.30284446041754426,0.0,0.0,0.06427670874914938,0.0967741935483871,9.83010752688172,0.06425944456009705,0.08130061482887711,0.07526881720430108,0.0064516129032258064,0.002150537634408602,0.008602150537634409,0.03010752688172043,0.0,0.046236559139784944,0.03333333333333333,0.012903225806451613,0.046236559139784944,0.6129032258064516,1.6559139784946237,1.6559139784946237,679.1645161290323,4.41505376344086,243.05376344086022,62.83870967741935,0.3548387096774194,5.365591397849462,5.720430107526882,0.3548387096774194,0.0,0.06451612903225806,0.06451612903225806,0.021505376344086023,0.043010752688172046,0.0,0.0,0.010752688172043012,0.17204301075268819,0.0,0.0,0.0,0.0,0.7204301075268817,0.16129032258064516,0.3548387096774194,0.13978494623655913,1.3763440860215055,2.44,17.9,0.0,0.0,bovine,herbaceous_crops,men,other_facilities,11
81884,738.0,1.963658,42.051831,414238.0,4656133.0,3.4,151.0,0.15894039735099338,0.6688741721854304,0.11258278145695365,0.059602649006622516,0.09271523178807947,0.3509933774834437,0.06622516556291391,0.013245033112582781,0.5231788079470199,0.06622516556291391,0.31788079470198677,0.046357615894039736,0.046357615894039736,0.4768211920529801,0.9403973509933775,0.033112582781456956,0.026490066225165563,0.9801324503311258,0.019867549668874173,0.5099337748344371,0.013245033112582781,0.47019867549668876,0.006622516556291391,0.0,0.0,0.0,0.16556291390728478,0.0,0.0,0.013245033112582781,0.013245033112582781,0.0,0.006622516556291391,0.006622516556291391,0.0,0.033112582781456956,0.0,0.033112582781456956,0.0,0.0,0.0,0.0,-0.059602649006622516,-5.96,0.67,-6.63,0.9536423841059603,0.8940397350993378,0.8874172185430463,0.8145695364238411,0.9536423841059603,0.0,0.0,0.0,0.11258278145695365,5.7,28.5,17.9,48.0,67.93737841056445,0.7947019867549668,95.0,0.7615894039735099,67.8,57.4,0.7152317880794702,0.2847682119205298,0.2185430463576159,0.5033112582781457,0.5496688741721855,0.07947019867549669,0.13245033112582782,0.23178807947019867,0.052980132450331126,0.2251655629139073,0.23178807947019867,0.0,0.0,0.0728476821192053,0.25165562913907286,3.6334437086092715,0.07947019867549669,0.11258278145695365,0.19205298013245034,0.0,0.0,0.0,0.005298013245033113,0.0,0.005298013245033113,0.0006622516556291391,0.004635761589403973,0.004635761589403973,0.304635761589404,0.5562913907284768,0.4966887417218543,420.3973509933775,1.6814569536423842,174.72847682119206,116.19205298013244,6.589403973509934,4.509933774834437,11.105960264900663,6.589403973509934,0.006622516556291391,0.16556291390728478,0.17218543046357615,0.0728476821192053,0.09933774834437085,0.0,0.0,0.006622516556291391,0.11920529801324503,0.0,0.0,0.10596026490066225,1.205298013245033,0.695364238410596,0.15894039735099338,0.4105960264900662,0.152317880794702,1.4172185430463575,1.32,69.3,0.006622516556291391,0.009933774834437087,porcine,herbaceous_crops,men,other_facilities,3
82166,1072.0,2.025883,42.188142,419560.0,4671208.0,1.3,28.0,0.10714285714285714,0.5,0.39285714285714285,0.0,0.07142857142857142,0.25,0.2857142857142857,0.0,0.6071428571428571,0.03571428571428571,0.25,0.10714285714285714,0.0,0.39285714285714285,0.9285714285714286,0.03571428571428571,0.03571428571428571,0.9642857142857143,0.03571428571428571,0.6071428571428571,0.0,0.35714285714285715,0.03571428571428571,0.0,0.03571428571428571,0.03571428571428571,0.0,0.03416646901647072,0.0,0.0,0.0,0.0,0.03571428571428571,0.03571428571428571,0.0,-0.03571428571428571,0.0,-0.03571428571428571,0.0,0.0,0.0,0.0,0.07142857142857142,7.41,-7.41,14.81,1.0987748496514207,0.8916076608050663,0.9650043653038602,0.6721515769012952,1.106732021833888,0.0,0.0,0.0,0.14285714285714285,14.8,18.5,25.9,40.7,70.89886326272645,0.9285714285714286,88.5,0.8928571428571429,60.0,52.4,0.75,0.24829408559753058,0.1774294175625512,0.32142857142857145,0.32142857142857145,0.0,0.16409422401213605,0.20506589969860764,0.07961182355355961,0.12707582408609105,0.17411608992437325,0.0,0.0,0.10714285714285714,0.2857142857142857,36.466071428571425,0.12090781938203032,0.10874624213309107,0.2857142857142857,0.0,0.0,0.0,0.010714285714285714,0.0,0.010714285714285714,0.0,0.010714285714285714,0.010714285714285714,0.6428571428571429,1.4642857142857142,1.1428571428571428,1058.0357142857142,7.4071428571428575,838.25,233.14285714285714,2.357142857142857,6.107142857142857,8.464285714285714,2.357142857142857,0.0,0.21428571428571427,0.21428571428571427,0.07142857142857142,0.14285714285714285,0.0,0.0,0.03571428571428571,0.2857142857142857,0.0,0.0,0.10714285714285714,0.9285714285714286,0.6428571428571429,0.07142857142857142,0.7142857142857143,0.14285714285714285,1.5714285714285714,1.73,77.0,0.0,0.0,porcine,herbaceous_crops,men,other_facilities,18
172253,5.0,3.056622,42.196244,504675.0,4671650.0,66.6,371.0,0.1778975741239892,0.6253369272237197,0.15902964959568733,0.03773584905660377,0.09703504043126684,0.40161725067385445,0.07816711590296496,0.01078167115902965,0.5876010781671159,0.08086253369272237,0.22371967654986524,0.08086253369272237,0.026954177897574125,0.4123989218328841,0.6711590296495957,0.03773584905660377,0.29110512129380056,0.6792452830188679,0.32075471698113206,0.33692722371967654,0.25067385444743934,0.3423180592991914,0.07008086253369272,0.01078167115902965,0.005390835579514825,0.016172506738544475,0.16172506738544473,0.15714285714285714,0.008086253369272238,0.008086253369272238,0.016172506738544475,0.0,0.0,0.0,0.0026954177897574125,-0.0215633423180593,0.005390835579514825,-0.016172506738544475,0.04043126684636118,0.03773584905660377,0.005390835579514825,0.03504043126684636,0.06199460916442048,8.35,1.09,7.26,0.7412398921832885,0.6118598382749326,0.6549865229110512,0.4393530997304582,0.7601078167115903,0.0,0.0,0.0,0.02425876010781671,26.8,23.4,24.4,25.4,57.9,0.5633423180592992,85.2,0.5768194070080862,65.0,57.7,0.5741239892183289,0.2560646900269542,0.14555256064690028,0.40161725067385445,0.42587601078167114,0.026954177897574125,0.03504043126684636,0.11590296495956873,0.0431266846361186,0.12398921832884097,0.11590296495956873,0.0,0.0,0.04851752021563342,0.2668463611859838,2.092345013477089,0.11859838274932614,0.12398921832884097,0.24258760107816713,0.005929919137466308,0.00215633423180593,0.004851752021563342,0.04016172506738545,0.0,0.052830188679245285,0.022641509433962266,0.030188679245283016,0.052830188679245285,0.2991913746630728,0.40700808625336926,0.7574123989218329,191.76792452830188,1.1506738544474393,60.00539083557951,21.01078167115903,3.0296495956873315,0.5417789757412399,3.5741239892183287,3.0296495956873315,0.0,0.07008086253369272,0.07008086253369272,0.04582210242587601,0.02425876010781671,0.0,0.0,0.0,0.0,0.0,0.0,0.005390835579514825,0.07277628032345014,0.5876010781671159,0.09703504043126684,0.33692722371967654,0.06199460916442048,1.0835579514824798,1.48,45.4,0.005390835579514825,0.0076010781671159025,porcine,herbaceous_crops,men,other_facilities,1
252477,1255.0,0.727722,42.748719,314025.0,4735500.0,10.6,164.0,0.07926829268292683,0.7560975609756098,0.1402439024390244,0.024390243902439025,0.024390243902439025,0.43902439024390244,0.07926829268292683,0.006097560975609756,0.5487804878048781,0.054878048780487805,0.3170731707317073,0.06097560975609756,0.018292682926829267,0.45121951219512196,0.6463414634146342,0.21341463414634146,0.1402439024390244,0.9085365853658537,0.09146341463414634,0.49390243902439024,0.054878048780487805,0.4146341463414634,0.036585365853658534,0.042682926829268296,0.09146341463414634,0.13414634146341464,0.12195121951219512,0.0,0.006097560975609756,0.006097560975609756,0.012195121951219513,0.0,0.0,0.0,0.0,-0.006097560975609756,-0.012195121951219513,-0.018292682926829267,0.018292682926829267,0.036585365853658534,0.018292682926829267,0.0,0.2804878048780488,28.36,-4.32,32.69,1.0365853658536586,0.8780487804878049,0.7560975609756098,0.6036585365853658,1.0731707317073171,0.0,0.0,0.0,0.03048780487804878,7.1,31.8,26.5,34.7,69.93433738345914,0.7865853658536586,70.5,0.75,53.7,34.8,0.823170731707317,0.3597560975609756,0.23780487804878048,0.5975609756097561,0.6585365853658537,0.0,0.042682926829268296,0.042682926829268296,0.08536585365853659,0.11585365853658537,0.042682926829268296,0.0,0.0,0.024390243902439025,0.08536585365853659,4.145975609756098,0.04878048780487805,0.024390243902439025,0.07317073170731707,0.0,0.0006097560975609756,0.007317073170731707,0.04207317073170732,0.0024390243902439024,0.05304878048780488,0.03353658536585366,0.01951219512195122,0.05304878048780488,0.5121951219512195,0.8841463414634146,1.2682926829268293,360.9286585365854,1.4439024390243904,113.6219512195122,28.54268292682927,0.018292682926829267,0.38414634146341464,0.4024390243902439,0.018292682926829267,0.0,0.03048780487804878,0.03048780487804878,0.006097560975609756,0.024390243902439025,0.0,0.0,0.0,0.0,0.018292682926829267,5.195121951219512,0.012195121951219513,0.18292682926829268,0.8780487804878049,0.13414634146341464,0.4634146341463415,0.11585365853658537,1.5914634146341464,2.19,38.9,0.0,0.0,bovine,herbaceous_crops,men,other_facilities,3
82802,869.0,2.41965,41.996656,451932.0,4649650.0,3.5,113.0,0.07079646017699115,0.6017699115044248,0.26548672566371684,0.061946902654867256,0.02654867256637168,0.2831858407079646,0.1504424778761062,0.02654867256637168,0.48672566371681414,0.04424778761061947,0.3185840707964602,0.11504424778761062,0.035398230088495575,0.5132743362831859,0.8407079646017699,0.07964601769911504,0.07964601769911504,0.9469026548672567,0.05309734513274336,0.4778761061946903,0.008849557522123894,0.4690265486725664,0.04424778761061947,0.0,0.0,0.0,0.04424778761061947,0.0,0.008849557522123894,0.008849557522123894,0.017699115044247787,0.017699115044247787,0.008849557522123894,0.02654867256637168,0.0,0.10619469026548672,-0.017699115044247787,0.08849557522123894,0.0,0.0,0.0,0.0,-0.07079646017699115,-5.65,-4.23,-1.42,1.2035398230088497,1.1415929203539823,1.1238938053097345,0.9557522123893806,1.2035398230088497,0.0,0.0,0.0,0.11504424778761062,11.7,28.2,23.3,36.9,75.07909255776657,0.8938053097345132,87.1,0.8584070796460177,68.0,64.2,0.9380530973451328,0.23008849557522124,0.24778761061946902,0.4778761061946903,0.5132743362831859,0.0,0.3185840707964602,0.336283185840708,0.11504424778761062,0.21238938053097345,0.336283185840708,0.0,0.0,0.10619469026548672,0.2920353982300885,8.729115044247788,0.12389380530973451,0.10619469026548672,0.23008849557522124,0.0,0.012389380530973451,0.0,0.014159292035398232,0.0008849557522123895,0.02743362831858407,0.018584070796460177,0.008849557522123894,0.02743362831858407,0.49557522123893805,1.2212389380530972,2.495575221238938,337.94601769911503,3.3796460176991148,168.08849557522123,55.26548672566372,0.504424778761062,2.911504424778761,3.415929203539823,0.504424778761062,0.0,0.10619469026548672,0.10619469026548672,0.017699115044247787,0.08849557522123894,0.0,0.017699115044247787,0.017699115044247787,0.46017699115044247,0.0,0.0,0.05309734513274336,0.4336283185840708,0.7610619469026548,0.40707964601769914,0.5221238938053098,0.08849557522123894,1.7787610619469028,1.95,60.5,0.0,0.0,porcine,herbaceous_crops,women,other_facilities,4
252228,387.0,1.255986,41.977081,355504.0,4648785.0,4.6,73.0,0.0958904109589041,0.6164383561643836,0.1917808219178082,0.0958904109589041,0.0410958904109589,0.2602739726027397,0.0958904109589041,0.0547945205479452,0.4520547945205479,0.0547945205479452,0.3561643835616438,0.0958904109589041,0.0410958904109589,0.547945205479452,0.9315068493150684,0.0410958904109589,0.0273972602739726,1.0,0.0,0.4520547945205479,0.0,0.547945205479452,0.0,0.0410958904109589,0.0,0.0410958904109589,0.0,0.010863050887294357,0.0,0.0,0.0,0.0,0.0,0.0,0.0,-0.0547945205479452,0.0,-0.0547945205479452,0.0,0.0,0.0,0.0,0.6438356164383562,84.68,-7.21,91.89,1.082191780821918,1.0547945205479452,1.082191780821918,0.8493150684931506,1.082191780821918,0.0,0.0,0.0,0.1232876712328767,13.4,23.9,29.9,32.8,68.78990406343469,0.9726027397260274,76.1,0.9041095890410958,78.8,72.7,0.9041095890410958,0.2465753424657534,0.273972602739726,0.5205479452054794,0.589041095890411,0.006321332507223908,0.1232876712328767,0.136986301369863,0.05898191914719295,0.0684931506849315,0.136986301369863,0.0,0.0,0.0547945205479452,0.0547945205479452,12.100273972602741,0.1060112924952856,0.09681593202259393,0.0547945205479452,0.00410958904109589,0.0,0.0,0.0,0.0,0.00410958904109589,0.0,0.00410958904109589,0.00410958904109589,0.4794520547945205,0.6301369863013698,0.4520547945205479,965.9616438356164,4.828767123287672,222.13698630136986,94.13698630136986,5.465753424657534,1.5068493150684932,6.986301369863014,5.465753424657534,0.0,0.0821917808219178,0.0821917808219178,0.0547945205479452,0.0273972602739726,0.0,0.0,0.0,0.0,0.0,0.0,0.0,0.0,0.6986301369863014,0.136986301369863,0.2054794520547945,0.0547945205479452,1.095890410958904,0.4,55.0,0.0273972602739726,0.02232876712328767,porcine,herbaceous_crops,women,other_facilities,10
170144,546.0,2.800414,42.404572,483575.0,4694800.0,18.7,88.0,0.07954545454545454,0.6704545454545454,0.19318181818181818,0.056818181818181816,0.045454545454545456,0.38636363636363635,0.09090909090909091,0.022727272727272728,0.5454545454545454,0.03409090909090909,0.2840909090909091,0.10227272727272728,0.03409090909090909,0.45454545454545453,0.5681818181818182,0.10227272727272728,0.32954545454545453,0.75,0.25,0.38636363636363635,0.1590909090909091,0.36363636363636365,0.09090909090909091,0.011363636363636364,0.03409090909090909,0.045454545454545456,0.056818181818181816,0.0,0.0,0.0,0.0,0.022727272727272728,0.0,0.022727272727272728,0.0,-0.03409090909090909,-0.011363636363636364,-0.045454545454545456,0.06818181818181818,0.011363636363636364,0.045454545454545456,0.022727272727272728,-0.06818181818181818,-6.31,-2.22,-4.09,0.9659090909090909,0.8977272727272727,0.9090909090909091,0.6136363636363636,0.9659090909090909,0.0,0.0,0.0,0.06818181818181818,13.1,27.4,35.7,23.8,71.07803354734293,0.7272727272727273,81.3,0.7272727272727273,75.0,60.9,0.7272727272727273,0.2727272727272727,0.125,0.3977272727272727,0.4431818181818182,0.028462330686255883,0.06818181818181818,0.09090909090909091,0.0666782441642918,0.10268538241033767,0.09090909090909091,0.0,0.0,0.045454545454545456,0.2159090909090909,9.854318181818181,0.10227272727272728,0.09090909090909091,0.19318181818181818,0.018181818181818184,0.0,0.013636363636363636,0.05909090909090909,0.0,0.09204545454545454,0.04886363636363636,0.04318181818181818,0.09204545454545454,0.38636363636363635,0.8636363636363636,1.9318181818181819,378.4761363636364,3.4056818181818183,336.21590909090907,143.54545454545453,0.22727272727272727,1.4204545454545454,1.6477272727272727,0.2598887876244476,0.0,0.011363636363636364,0.011363636363636364,0.0,0.011363636363636364,0.0,0.0,0.011363636363636364,0.09090909090909091,0.0,0.0,0.0,0.0,0.8977272727272727,0.2159090909090909,0.32954545454545453,0.07954545454545454,1.5227272727272727,2.76,44.5,0.0,0.0,Unknown,Unknown,men,other_facilities,10
431592,573.0,1.237406,41.564219,353025.0,4602975.0,7.0,77.0,0.0,0.5714285714285714,0.2987012987012987,0.12987012987012986,0.0,0.38961038961038963,0.18181818181818182,0.05194805194805195,0.6233766233766234,0.0,0.18181818181818182,0.11688311688311688,0.07792207792207792,0.37662337662337664,0.8441558441558441,0.09090909090909091,0.06493506493506493,0.961038961038961,0.03896103896103896,0.6103896103896104,0.012987012987012988,0.35064935064935066,0.025974025974025976,0.05194805194805195,0.05194805194805195,0.1038961038961039,0.0,0.0103039922206363,0.0,0.0,0.0,0.012987012987012988,0.012987012987012988,0.025974025974025976,0.012987012987012988,0.025974025974025976,0.0,0.025974025974025976,0.0,0.0,0.0,0.0,-0.42857142857142855,-23.99,-45.09,21.1,1.4935064935064934,1.2337662337662338,1.12987012987013,0.8701298701298701,1.4935064935064934,0.0,0.0,0.0,0.11688311688311688,23.3,24.4,18.9,33.3,62.618669977429846,1.0,96.1,1.051948051948052,72.8,62.4,1.103896103896104,0.35064935064935066,0.12987012987012986,0.4805194805194805,0.5194805194805194,0.0,0.14285714285714285,0.14285714285714285,0.07304684816749721,0.12987012987012986,0.14285714285714285,0.0,0.0,0.07792207792207792,0.3116883116883117,10.176883116883117,0.12987012987012986,0.12987012987012986,0.2597402597402597,0.0,0.0025974025974025974,0.0025974025974025974,0.016883116883116885,0.0,0.023376623376623377,0.006493506493506494,0.016883116883116885,0.023376623376623377,0.7532467532467533,2.5324675324675323,2.961038961038961,482.39870129870127,2.4116883116883114,287.16883116883116,82.36363636363636,5.311688311688312,0.15584415584415584,5.467532467532467,5.311688311688312,0.0,0.19480519480519481,0.19480519480519481,0.18181818181818182,0.012987012987012988,0.0,0.0,0.03896103896103896,3.844155844155844,0.0,0.0,0.012987012987012988,0.12987012987012986,1.1168831168831168,0.2077922077922078,0.38961038961038963,0.03896103896103896,1.7532467532467533,3.85,50.5,0.0,0.0,porcine,herbaceous_crops,men,other_facilities,4
170470,17.0,3.074864,42.260628,506175.0,4678800.0,263.7,11154.0,0.15384615384615385,0.6589564281871975,0.16263223955531647,0.024565178411332256,0.07728169266630805,0.3368298368298368,0.08140577371346602,0.00914470145239376,0.5046620046620046,0.07656446117984579,0.3221265913573606,0.08122646584185046,0.015420476958938497,0.49533799533799533,0.4470145239376009,0.09915725300340685,0.4538282230589923,0.564550833781603,0.43544916621839697,0.2794513179128564,0.2252106867491483,0.28509951586874666,0.2102384794692487,0.01828940290478752,0.019813519813519812,0.038102922718307335,0.1551013089474628,0.007512999820692128,0.004393042854581316,0.0035861574323112783,0.007979200286892595,0.005558544020082482,0.0030482338174645865,0.008606777837547068,0.0017930787161556392,0.005558544020082482,0.0011655011655011655,0.006724045185583647,0.046709700555854404,0.04760623991393222,0.01972386587771203,0.02698583467814237,0.48968979738210505,63.31,6.31,57.01,0.8717948717948718,0.5881298188990497,0.6571633494710418,0.4601936525013448,1.0043930428545813,8.965393580778196e-05,0.0,8.965393580778196e-05,0.017034247803478574,26.2,27.8,25.4,20.6,54.0,0.4389456697149005,75.0,0.43015958400573784,57.8,39.6,0.4769589384974,0.21095571095571095,0.16065985296754529,0.37161556392325623,0.38488434642280794,0.05137170521785906,0.19643177335485026,0.2767616998386229,0.07226107226107226,0.10130894746279362,0.19912139142908375,0.05441993903532365,0.023220369374215528,0.046620046620046623,0.1222879684418146,0.07405325443786982,0.05719921104536489,0.05137170521785906,0.10857091626322396,0.0025820333512641207,0.004644073874843105,0.007172314864622557,0.04410973641742873,0.005388201542047696,0.06389636005020621,0.029558902635825713,0.03433745741438049,0.06389636005020621,0.40550475165859784,1.4714003944773175,1.8439124977586516,4.887959476421015,0.044477317554240635,1.7826788596019365,0.5248341402187556,0.19499731038192578,0.09557109557109557,0.29047875201721357,0.19499731038192578,0.0,0.007441276672045903,0.007441276672045903,0.004930966469428008,0.002510310202617895,0.0,0.002510310202617895,0.0009861932938856016,0.08436435359512283,0.0004482696790389098,0.6118881118881119,0.00026896180742334586,0.0030482338174645865,0.6655908194369733,0.12479827864443249,0.20835574681728528,0.04043392504930966,1.0391787699480006,4.6,67.8,0.0018827326519634212,0.0835207100591716,avian,herbaceous_crops,men,other_facilities,1
250714,1335.0,1.585578,42.326453,383455.0,4687075.0,1.1,46.0,0.06521739130434782,0.5869565217391305,0.2826086956521739,0.06521739130434782,0.043478260869565216,0.43478260869565216,0.17391304347826086,0.043478260869565216,0.6956521739130435,0.021739130434782608,0.15217391304347827,0.10869565217391304,0.021739130434782608,0.30434782608695654,0.9130434782608695,0.06521739130434782,0.021739130434782608,0.9565217391304348,0.043478260869565216,0.6739130434782609,0.021739130434782608,0.2826086956521739,0.021739130434782608,0.10869565217391304,0.10869565217391304,0.21739130434782608,0.10869565217391304,0.0,0.0,0.0,0.0,0.021739130434782608,0.0,0.021739130434782608,0.0,0.021739130434782608,0.0,0.021739130434782608,0.0,0.0,0.0,0.0,0.17391304347826086,13.79,-12.07,25.86,1.3478260869565217,1.2608695652173914,1.2608695652173914,0.7608695652173914,1.3478260869565217,0.0,0.0,0.0,0.0,22.2,26.7,11.1,40.0,63.971164521612636,0.9565217391304348,79.5,1.065217391304348,63.3,57.9,1.2391304347826086,0.30434782608695654,0.10869565217391304,0.41304347826086957,0.41304347826086957,0.0,0.0,0.0,0.07566721717675982,0.10518059305046959,0.0,0.0,0.0,0.04430815208982912,0.15217391304347827,14.519565217391303,0.08854006456078016,0.07933024047393814,0.13043478260869565,0.0,0.0,0.0,0.0391304347826087,0.0,0.0391304347826087,0.0391304347826087,0.0,0.0391304347826087,0.8043478260869565,2.782608695652174,2.9565217391304346,484.01521739130436,2.6630434782608696,300.8695652173913,147.3695652173913,0.0,1.3043478260869565,1.3043478260869565,0.0,0.0,0.10869565217391304,0.10869565217391304,0.06521739130434782,0.043478260869565216,0.0,0.0,0.021739130434782608,0.17391304347826086,0.0,0.0,0.06521739130434782,0.30434782608695654,0.4782608695652174,0.06521739130434782,0.43478260869565216,0.021739130434782608,1.0,1.31,57.4,0.0,0.0,avian,herbaceous_crops,men,pavilions,7
430574,754.0,1.005669,41.278633,332970.0,4571687.0,2.5,41.0,0.0,0.7073170731707317,0.2682926829268293,0.024390243902439025,0.0,0.3902439024390244,0.1951219512195122,0.024390243902439025,0.6097560975609756,0.0,0.3170731707317073,0.07317073170731707,0.0,0.3902439024390244,0.8536585365853658,0.0975609756097561,0.04878048780487805,0.9512195121951219,0.04878048780487805,0.5853658536585366,0.024390243902439025,0.36585365853658536,0.024390243902439025,0.024390243902439025,0.0,0.024390243902439025,0.0,0.034759105874003396,0.0,0.0,0.0,0.0,0.024390243902439025,0.024390243902439025,0.0,0.04878048780487805,0.0,0.04878048780487805,0.0,0.0,0.0,0.0,-0.3170731707317073,-23.42,-12.61,-10.81,1.1951219512195121,1.1951219512195121,1.1951219512195121,0.7560975609756098,1.1951219512195121,0.0,0.0,0.0,0.0975609756097561,12.5,35.0,20.0,32.5,72.42463806998734,0.926829268292683,84.2,0.926829268292683,65.8,53.7,1.0,0.17073170731707318,0.14634146341463414,0.3170731707317073,0.3902439024390244,0.0,0.17073170731707318,0.17073170731707318,0.05871430260256343,0.09748259569834938,0.17073170731707318,0.0,0.0,0.07317073170731707,0.0975609756097561,16.001951219512197,0.1237899770965407,0.08122676867911671,0.0975609756097561,0.0,0.04390243902439025,0.0,0.02682926829268293,0.0,0.07073170731707316,0.046341463414634146,0.024390243902439025,0.07073170731707316,0.7560975609756098,1.2926829268292683,1.9024390243902438,699.5,5.0512195121951216,449.4146341463415,215.90243902439025,0.4146341463414634,0.0,0.4146341463414634,0.4146341463414634,0.0,0.12195121951219512,0.12195121951219512,0.12195121951219512,0.0,0.0,0.0,0.0,0.0,0.0,0.0,0.024390243902439025,0.24390243902439024,0.8536585365853658,0.21951219512195122,0.3902439024390244,0.04878048780487805,1.5121951219512195,1.69,60.5,0.0,0.0,bovine,fruit_trees,men,other_facilities,9
81770,885.0,1.981667,42.106181,415800.0,4662150.0,1.3,51.0,0.13725490196078433,0.5490196078431373,0.29411764705882354,0.0196078431372549,0.09803921568627451,0.27450980392156865,0.1568627450980392,0.0196078431372549,0.5490196078431373,0.0392156862745098,0.27450980392156865,0.13725490196078433,0.0,0.45098039215686275,0.7843137254901961,0.0392156862745098,0.17647058823529413,0.8431372549019608,0.1568627450980392,0.47058823529411764,0.0784313725490196,0.37254901960784315,0.0784313725490196,0.0,0.0,0.0,0.19607843137254902,0.0,0.0,0.0,0.0,0.0,0.0196078431372549,0.0196078431372549,0.0196078431372549,0.0196078431372549,0.0,0.0196078431372549,0.0,0.0,0.0,0.0,-0.11764705882352941,-8.96,-10.45,1.49,1.1243641700180333,0.9120229466427272,0.9975865730483747,0.6898573069507411,1.132047845577258,0.0,0.0,0.0,0.0,22.7,36.4,22.7,18.2,72.42323464086266,0.8431372549019608,90.7,0.7843137254901961,75.0,47.8,0.9019607843137255,0.2474241122311763,0.17181839026272114,0.3137254901960784,0.39215686274509803,0.0,0.27450980392156865,0.27450980392156865,0.0,0.12891841563950326,0.27450980392156865,0.0,0.0,0.0784313725490196,0.21568627450980393,21.357058823529414,0.12795420243195996,0.1138239844523927,0.21568627450980393,0.0,0.0392156862745098,0.0,0.013725490196078431,0.0,0.05294117647058824,0.021568627450980395,0.03137254901960784,0.05294117647058824,0.37254901960784315,0.5294117647058824,0.6470588235294118,706.4764705882353,3.9549019607843134,367.6666666666667,68.27450980392157,2.1176470588235294,4.686274509803922,6.823529411764706,2.1176470588235294,0.0392156862745098,0.21568627450980393,0.2549019607843137,0.0392156862745098,0.21568627450980393,0.0,0.0,0.0,0.0,0.0,0.0,0.0196078431372549,0.13725490196078433,0.8823529411764706,0.0784313725490196,0.43137254901960786,0.11764705882352941,1.5098039215686274,1.16,62.8,0.0,0.0,porcine,herbaceous_crops,men,pavilions,14
82418,531.0,2.382536,41.902964,448783.0,4639269.0,2.5,76.0,0.06578947368421052,0.7105263157894737,0.19736842105263158,0.02631578947368421,0.05263157894736842,0.4605263157894737,0.07894736842105263,0.02631578947368421,0.618421052631579,0.013157894736842105,0.25,0.11842105263157894,0.0,0.3815789473684211,0.8947368421052632,0.05263157894736842,0.05263157894736842,0.9210526315789473,0.07894736842105263,0.5526315789473685,0.06578947368421052,0.3684210526315789,0.013157894736842105,0.0,0.039473684210526314,0.039473684210526314,0.06578947368421052,0.0,0.013157894736842105,0.0,0.013157894736842105,0.0,0.0,0.0,0.0,-0.013157894736842105,0.0,-0.013157894736842105,0.013157894736842105,0.013157894736842105,0.0,0.013157894736842105,0.18421052631578946,15.91,-5.68,21.59,1.25,1.1578947368421053,1.25,0.6973684210526315,1.25,0.0,0.0,0.0,0.14473684210526316,12.2,23.0,27.0,37.8,71.29249308775543,0.9605263157894737,87.7,0.9605263157894737,71.2,57.3,0.9868421052631579,0.3815789473684211,0.2236842105263158,0.6052631578947368,0.6447368421052632,0.024295071158286694,0.1776485384390979,0.06578947368421052,0.08134291903993143,0.11842105263157894,0.06578947368421052,0.0,0.0,0.05263157894736842,0.18421052631578946,12.136447368421052,0.06578947368421052,0.09210526315789473,0.15789473684210525,0.0,0.006578947368421052,0.0,0.015789473684210527,0.0,0.02236842105263158,0.0,0.02236842105263158,0.02236842105263158,0.5,0.6052631578947368,1.9078947368421053,342.196052631579,2.5657894736842106,295.2894736842105,99.84210526315789,1.4342105263157894,3.776315789473684,5.2105263157894735,1.4342105263157894,0.039473684210526314,0.13157894736842105,0.17105263157894737,0.013157894736842105,0.15789473684210525,0.0,0.0,0.013157894736842105,0.4342105263157895,0.013157894736842105,2.3289473684210527,0.0,0.0,0.9473684210526315,0.35526315789473684,0.5263157894736842,0.06578947368421052,1.894736842105263,3.66,26.0,0.013157894736842105,0.0,porcine,herbaceous_crops,men,other_facilities,8
252017,1002.0,0.882303,42.360869,325600.0,4692100.0,1.4,120.0,0.05,0.6166666666666667,0.2833333333333333,0.05,0.016666666666666666,0.375,0.15833333333333333,0.025,0.575,0.03333333333333333,0.24166666666666667,0.125,0.025,0.425,0.9083333333333333,0.03333333333333333,0.058333333333333334,0.9583333333333334,0.041666666666666664,0.55,0.025,0.4083333333333333,0.016666666666666666,0.041666666666666664,0.016666666666666666,0.058333333333333334,0.041666666666666664,0.0,0.0,0.0,0.0,0.008333333333333333,0.0,0.008333333333333333,0.0,0.041666666666666664,0.0,0.041666666666666664,0.008333333333333333,0.0,0.008333333333333333,0.0,-0.19166666666666668,-16.25,-14.13,-2.12,1.0833333333333333,1.0416666666666667,1.0416666666666667,0.825,1.0833333333333333,0.0,0.0,0.0,0.03333333333333333,21.7,23.5,20.0,34.8,68.74230401507886,0.95,83.3,0.9333333333333333,65.2,45.3,0.975,0.2916666666666667,0.175,0.4666666666666667,0.5166666666666667,0.005210809712112531,0.05,0.11666666666666667,0.041666666666666664,0.175,0.11666666666666667,0.0,0.0,0.075,0.21666666666666667,6.1555,0.08333333333333333,0.09166666666666666,0.175,0.008333333333333333,0.0,0.0016666666666666668,0.04416666666666667,0.0,0.055,0.043333333333333335,0.011666666666666665,0.055,0.4,2.3666666666666667,3.7083333333333335,256.59166666666664,1.5391666666666666,170.46666666666667,49.458333333333336,4.25,48.333333333333336,52.583333333333336,4.25,0.0,0.31666666666666665,0.31666666666666665,0.125,0.19166666666666668,0.0,0.0,0.008333333333333333,0.11666666666666667,0.008333333333333333,2.5,0.1,0.675,0.9916666666666667,0.175,0.6083333333333333,0.14166666666666666,1.9166666666666667,1.42,39.5,0.008333333333333333,0.0004166666666666667,ovine,herbaceous_crops,men,other_facilities,3
431439,825.0,1.301183,41.544464,358300.0,4600675.0,3.6,53.0,0.018867924528301886,0.6226415094339622,0.2641509433962264,0.09433962264150944,0.018867924528301886,0.32075471698113206,0.1320754716981132,0.03773584905660377,0.5094339622641509,0.0,0.3018867924528302,0.1320754716981132,0.05660377358490566,0.49056603773584906,0.7735849056603774,0.16981132075471697,0.05660377358490566,1.0,0.0,0.5094339622641509,0.0,0.49056603773584906,0.0,0.09433962264150944,0.16981132075471697,0.2641509433962264,0.0,0.0,0.0,0.0,0.0,0.0,0.03773584905660377,0.03773584905660377,0.0,0.0,0.018867924528301886,0.018867924528301886,0.0,0.0,0.0,0.0,0.1320754716981132,10.69,-4.58,15.27,1.3018867924528301,1.2075471698113207,1.1886792452830188,0.9811320754716981,1.3018867924528301,0.0,0.0,0.0,0.018867924528301886,14.8,14.8,22.2,48.1,72.99342020965983,1.0377358490566038,89.1,1.0188679245283019,87.0,71.2,1.1132075471698113,0.18867924528301888,0.20754716981132076,0.39622641509433965,0.4339622641509434,0.0,0.11320754716981132,0.11320754716981132,0.057989650220550824,0.09433962264150944,0.11320754716981132,0.0,0.0,0.05660377358490566,0.33962264150943394,12.515660377358492,0.1320754716981132,0.1320754716981132,0.2641509433962264,0.0018867924528301887,0.0,0.0,0.03962264150943397,0.0,0.041509433962264156,0.024528301886792454,0.01509433962264151,0.041509433962264156,0.6415094339622641,1.7924528301886793,2.660377358490566,327.311320754717,1.309433962264151,300.1509433962264,75.9245283018868,11.622641509433961,0.07547169811320754,11.69811320754717,11.622641509433961,0.0,0.37735849056603776,0.37735849056603776,0.37735849056603776,0.0,0.0,0.0,0.0,0.0,0.0,0.0,0.0,0.0,0.8490566037735849,0.1509433962264151,0.24528301886792453,0.05660377358490566,1.3018867924528301,1.72,62.2,0.0,0.0,bovine,herbaceous_crops,men,multisport_courts,5
431460,652.0,1.088453,41.471097,340375.0,4592900.0,3.6,42.0,0.11904761904761904,0.5952380952380952,0.2619047619047619,0.023809523809523808,0.07142857142857142,0.38095238095238093,0.19047619047619047,0.023809523809523808,0.6666666666666666,0.047619047619047616,0.21428571428571427,0.07142857142857142,0.0,0.3333333333333333,0.9523809523809523,0.047619047619047616,0.0,1.0,0.0,0.6666666666666666,0.0,0.3333333333333333,0.0,0.0,0.0,0.0,0.0,0.21901066368680736,0.0,0.0,0.0,0.023809523809523808,0.0,0.023809523809523808,0.0,-0.023809523809523808,0.0,-0.023809523809523808,0.0,0.0,0.0,0.0,0.5238095238095238,48.1,0.0,48.1,1.3571428571428572,1.2380952380952381,1.2857142857142858,1.119047619047619,1.3571428571428572,0.0,0.0,0.0,0.0,12.2,22.0,31.7,34.1,69.28777435679906,1.0,88.1,0.9285714285714286,74.4,60.5,1.0238095238095237,0.35714285714285715,0.16666666666666666,0.5238095238095238,0.5238095238095238,0.0,0.13996930474652555,0.1651465822941177,0.06515196747497527,0.16552179445878173,0.1409589861625208,0.0,0.0,0.041111234629667606,0.19047619047619047,20.852619047619047,0.15030411531831775,0.10578584002882471,0.19047619047619047,0.0,0.0,0.0,0.06190476190476191,0.0,0.06190476190476191,0.06190476190476191,0.0,0.06190476190476191,0.6428571428571429,1.5952380952380953,1.8095238095238095,528.5095238095239,2.1142857142857143,465.3809523809524,157.66666666666666,5.690476190476191,0.23809523809523808,5.904761904761905,5.690476190476191,0.0,0.35714285714285715,0.35714285714285715,0.3333333333333333,0.023809523809523808,0.0,0.0,0.0,0.0,0.0,0.0,0.023809523809523808,0.09523809523809523,0.7857142857142857,0.19047619047619047,0.16666666666666666,0.023809523809523808,1.1666666666666667,1.16,61.5,0.0,0.007619047619047619,porcine,herbaceous_crops,men,pavilions,12
80214,653.0,1.435392,41.518214,369442.0,4597549.0,2.4,73.0,0.0684931506849315,0.6027397260273972,0.273972602739726,0.0547945205479452,0.0547945205479452,0.3835616438356164,0.1643835616438356,0.0273972602739726,0.6301369863013698,0.0136986301369863,0.2191780821917808,0.1095890410958904,0.0273972602739726,0.3698630136986301,0.9041095890410958,0.0410958904109589,0.0547945205479452,1.0,0.0,0.6301369863013698,0.0,0.3698630136986301,0.0,0.0410958904109589,0.0821917808219178,0.1232876712328767,0.2054794520547945,0.0,0.0,0.0,0.0,0.0,0.0,0.0,0.0,0.136986301369863,0.0,0.136986301369863,0.0,0.0,0.0,0.0,0.0136986301369863,1.1,-13.26,14.36,1.0364815493222395,0.9004216914934932,0.9196944409274945,0.7068185300518596,1.0472680437400093,0.0,0.0,0.0,0.0136986301369863,27.4,19.4,21.0,32.3,66.10105828266138,0.9315068493150684,86.8,0.958904109589041,70.0,56.9,0.9863013698630136,0.3698630136986301,0.1506849315068493,0.5205479452054794,0.5342465753424658,0.0,0.0684931506849315,0.0684931506849315,0.07223028084855193,0.0821917808219178,0.0684931506849315,0.0,0.0,0.04413732925075135,0.2465753424657534,11.196027397260274,0.1643835616438356,0.0547945205479452,0.2191780821917808,0.0,0.0,0.0,0.00958904109589041,0.00410958904109589,0.0136986301369863,0.00410958904109589,0.00958904109589041,0.0136986301369863,0.4931506849315068,1.0684931506849316,1.3424657534246576,426.6150684931507,2.858904109589041,274.7808219178082,92.93150684931507,14.931506849315069,0.8493150684931506,15.780821917808218,14.931506849315069,0.0,0.5616438356164384,0.5616438356164384,0.5068493150684932,0.0547945205479452,0.0,0.0,0.0,0.0,0.0,0.0,0.0136986301369863,0.0547945205479452,0.8493150684931506,0.136986301369863,0.3972602739726027,0.0273972602739726,1.4109589041095891,1.1,66.5,0.0,0.0,porcine,herbaceous_crops,men,multisport_courts,11
250609,421.0,1.216281,41.851872,351925.0,4634950.0,4.2,60.0,0.016666666666666666,0.65,0.16666666666666666,0.16666666666666666,0.0,0.36666666666666664,0.08333333333333333,0.016666666666666666,0.4666666666666667,0.016666666666666666,0.2833333333333333,0.08333333333333333,0.15,0.5333333333333333,0.9166666666666666,0.06666666666666667,0.016666666666666666,0.9833333333333333,0.016666666666666666,0.45,0.016666666666666666,0.5333333333333333,0.0,0.03333333333333333,0.0,0.03333333333333333,0.0,0.0106271748503385,0.0,0.0,0.0,0.016666666666666666,0.016666666666666666,0.03333333333333333,0.0,-0.06666666666666667,-0.016666666666666666,-0.08333333333333333,0.0,0.0,0.0,0.0,0.1,6.44,-35.01,41.44,1.2166666666666666,1.1666666666666667,1.1166666666666667,0.8166666666666667,1.2166666666666666,0.0,0.0,0.0,0.05,23.6,20.8,29.2,26.4,68.76449187751867,1.1833333333333333,69.0,1.2,63.9,49.4,1.2833333333333334,0.25,0.16666666666666666,0.4166666666666667,0.4666666666666667,0.0,0.6666666666666666,0.7666666666666667,0.08333333333333333,0.2,0.7666666666666667,0.0,0.0,0.1,0.3333333333333333,11.417166666666667,0.13333333333333333,0.18333333333333332,0.31666666666666665,0.0,0.0,0.0,0.02666666666666667,0.0,0.02666666666666667,0.015000000000000001,0.011666666666666665,0.02666666666666667,0.43333333333333335,1.2833333333333334,1.95,281.62333333333333,2.253333333333333,235.55,64.58333333333333,13.833333333333334,0.8333333333333334,14.666666666666666,13.833333333333334,0.03333333333333333,0.43333333333333335,0.4666666666666667,0.31666666666666665,0.15,0.0,0.0,0.0,0.0,0.0,0.0,0.016666666666666666,0.06666666666666667,0.85,0.11666666666666667,0.3333333333333333,0.1,1.4,1.64,40.2,0.0,0.0,porcine,herbaceous_crops,women,other_facilities,5
80459,1279.0,1.754483,42.079308,396972.0,4659415.0,2.5,84.0,0.20238095238095238,0.6309523809523809,0.13095238095238096,0.03571428571428571,0.11904761904761904,0.27380952380952384,0.05952380952380952,0.023809523809523808,0.47619047619047616,0.08333333333333333,0.35714285714285715,0.07142857142857142,0.011904761904761904,0.5238095238095238,0.9761904761904762,0.0,0.023809523809523808,1.0,0.0,0.47619047619047616,0.0,0.5238095238095238,0.0,0.011904761904761904,0.0,0.011904761904761904,0.11904761904761904,0.0,0.0,0.0,0.0,0.011904761904761904,0.011904761904761904,0.023809523809523808,0.0,0.011904761904761904,0.0,0.011904761904761904,0.0,0.0,0.0,0.0,0.2976190476190476,31.85,6.37,25.48,1.0119047619047619,1.0119047619047619,1.0119047619047619,0.8809523809523809,1.0119047619047619,0.0,0.0,0.0,0.03571428571428571,6.8,13.7,31.5,47.9,69.45029861992218,0.8333333333333334,81.4,0.8690476190476191,50.7,52.9,0.8095238095238095,0.27380952380952384,0.27380952380952384,0.5476190476190477,0.6071428571428571,0.024455794480301433,0.42857142857142855,0.44047619047619047,0.11904761904761904,0.19047619047619047,0.44047619047619047,0.0,0.0,0.07142857142857142,0.21428571428571427,8.154880952380953,0.08333333333333333,0.09523809523809523,0.17857142857142858,0.0,0.0,0.0,0.027380952380952377,0.0,0.027380952380952377,0.008333333333333333,0.02023809523809524,0.027380952380952377,0.47619047619047616,0.5476190476190477,0.8095238095238095,400.3857142857143,4.404761904761905,247.39285714285714,91.71428571428571,5.273809523809524,7.630952380952381,12.904761904761905,5.273809523809524,0.0,0.15476190476190477,0.15476190476190477,0.03571428571428571,0.11904761904761904,0.0,0.0,0.0,0.0,0.0,0.0,0.09523809523809523,0.6309523809523809,0.9047619047619048,0.07142857142857142,0.9642857142857143,0.4642857142857143,2.4047619047619047,1.51,70.6,0.0,0.0,porcine,herbaceous_crops,women,other_facilities,4
170031,239.0,2.721244,42.305839,477024.0,4683855.0,1.9,178.0,0.24157303370786518,0.5786516853932584,0.15730337078651685,0.02247191011235955,0.12359550561797752,0.28651685393258425,0.09550561797752809,0.0,0.5056179775280899,0.11797752808988764,0.29213483146067415,0.06179775280898876,0.02247191011235955,0.4943820224719101,0.7528089887640449,0.11235955056179775,0.1348314606741573,0.8820224719101124,0.11797752808988764,0.4550561797752809,0.05056179775280899,0.42696629213483145,0.06741573033707865,0.033707865168539325,0.011235955056179775,0.0449438202247191,0.1404494382022472,0.11235955056179775,0.011235955056179775,0.011235955056179775,0.02247191011235955,0.0,0.0056179775280898875,0.0056179775280898875,0.0,0.11235955056179775,0.0,0.11235955056179775,0.0,0.0,0.0,0.0,0.24157303370786518,35.36,-1.66,37.03,0.7865168539325843,0.7191011235955056,0.7471910112359551,0.550561797752809,0.797752808988764,0.0,0.0,0.0,0.0449438202247191,13.0,29.0,35.1,22.9,74.47126942462675,0.5280898876404494,86.2,0.5842696629213483,64.4,56.0,0.651685393258427,0.16292134831460675,0.0898876404494382,0.25280898876404495,0.29775280898876405,0.0,0.1404494382022472,0.1404494382022472,0.028089887640449437,0.06741573033707865,0.1404494382022472,0.0,0.0,0.033707865168539325,0.10674157303370786,4.799775280898876,0.03932584269662921,0.0449438202247191,0.08426966292134831,0.0,0.003932584269662921,0.006741573033707865,0.06629213483146068,0.0033707865168539327,0.08033707865168539,0.02471910112359551,0.05561797752808989,0.08033707865168539,0.2752808988764045,0.5561797752808989,1.0842696629213484,232.95674157303372,1.4674157303370785,105.56179775280899,26.679775280898877,0.2640449438202247,3.1797752808988764,3.443820224719101,0.2640449438202247,0.0,0.11797752808988764,0.11797752808988764,0.06741573033707865,0.05056179775280899,0.0,0.0,0.0056179775280898875,0.06741573033707865,0.0056179775280898875,1.7865168539325842,0.028089887640449437,0.3707865168539326,0.5112359550561798,0.12921348314606743,0.4550561797752809,0.16853932584269662,1.2640449438202248,2.39,46.0,0.0,0.0,bovine,herbaceous_crops,men,other_facilities,3
250313,1224.0,0.712486,42.756069,312800.0,4736350.0,5.8,67.0,0.11940298507462686,0.7910447761194029,0.07462686567164178,0.014925373134328358,0.05970149253731343,0.5373134328358209,0.04477611940298507,0.014925373134328358,0.6567164179104478,0.05970149253731343,0.2537313432835821,0.029850746268656716,0.0,0.34328358208955223,0.835820895522388,0.08955223880597014,0.07462686567164178,0.9850746268656716,0.014925373134328358,0.6567164179104478,0.0,0.3283582089552239,0.014925373134328358,0.08955223880597014,0.05970149253731343,0.14925373134328357,0.07462686567164178,0.0,0.014925373134328358,0.0,0.014925373134328358,0.014925373134328358,0.014925373134328358,0.029850746268656716,0.0,0.11940298507462686,0.014925373134328358,0.13432835820895522,0.0,0.0,0.0,0.0,0.07462686567164178,8.78,-4.95,13.72,0.9419841854733919,0.8380451770485629,0.7730015008353432,0.6050642137876847,0.9661960106034532,0.0,0.0,0.0,0.13432835820895522,10.9,20.3,25.0,43.8,70.68785405479818,0.7761194029850746,73.1,0.7761194029850746,55.8,46.7,0.8955223880597015,0.31343283582089554,0.13432835820895522,0.44776119402985076,0.4626865671641791,0.0,0.03950448474759172,0.07462686567164178,0.1044776119402985,0.14925373134328357,0.07462686567164178,0.0,0.0,0.04477611940298507,0.13432835820895522,17.102835820895525,0.053328793656967334,0.031803624307025505,0.13432835820895522,0.0,0.0,0.0,0.019402985074626865,0.0,0.019402985074626865,0.0,0.019402985074626865,0.019402985074626865,0.5522388059701493,0.8208955223880597,1.955223880597015,633.2462686567164,3.5462686567164177,442.8358208955224,172.32835820895522,0.0,3.1791044776119404,3.1791044776119404,0.0,0.0,0.05970149253731343,0.05970149253731343,0.014925373134328358,0.04477611940298507,0.0,0.0,0.0,0.0,0.014925373134328358,1.2537313432835822,0.014925373134328358,0.08955223880597014,0.3880597014925373,0.22388059701492538,0.2835820895522388,0.04477611940298507,0.9402985074626866,2.26,38.9,0.0,0.0,bovine,herbaceous_crops,men,multisport_courts,13
250450,931.0,0.717494,42.835861,313450.0,4745200.0,3.7,66.0,0.030303030303030304,0.5909090909090909,0.2878787878787879,0.09090909090909091,0.0,0.30303030303030304,0.15151515151515152,0.06060606060606061,0.5151515151515151,0.030303030303030304,0.2878787878787879,0.13636363636363635,0.030303030303030304,0.48484848484848486,0.6666666666666666,0.21212121212121213,0.12121212121212122,0.9393939393939394,0.06060606060606061,0.48484848484848486,0.030303030303030304,0.45454545454545453,0.030303030303030304,0.19696969696969696,0.19696969696969696,0.3939393939393939,0.0,0.0221960671927428,0.0,0.0,0.0,0.0,0.0,0.0,0.0,0.015151515151515152,0.10606060606060606,0.12121212121212122,0.0,0.0,0.0,0.0,0.10606060606060606,12.19,-19.49,31.68,0.9871679313154726,0.7148684619821075,0.762088927223676,0.5444709852929965,1.0296054104938392,0.0,0.0,0.0,0.0,16.9,37.3,13.6,32.2,72.63769388266694,0.8939393939393939,72.9,0.8636363636363636,70.2,45.7,0.696969696969697,0.15151515151515152,0.09090909090909091,0.24242424242424243,0.25757575757575757,0.0,0.12121212121212122,0.12121212121212122,0.07058285358697945,0.08063542025035934,0.12121212121212122,0.0,0.0,0.06060606060606061,0.3181818181818182,10.765454545454546,0.18181818181818182,0.10606060606060606,0.2878787878787879,0.0,0.0,0.0,0.06515151515151515,0.0,0.06515151515151515,0.03333333333333333,0.03333333333333333,0.06515151515151515,0.5606060606060606,0.9545454545454546,2.590909090909091,870.9909090909091,4.3545454545454545,160.1969696969697,53.92424242424242,0.4696969696969697,15.348484848484848,15.818181818181818,0.4696969696969697,0.0,0.15151515151515152,0.15151515151515152,0.030303030303030304,0.12121212121212122,0.0,0.0,0.0,0.0,0.0,0.0,0.0,0.0,0.48484848484848486,0.030303030303030304,0.3939393939393939,0.16666666666666666,1.0757575757575757,2.02,38.9,0.0,0.0,porcine,herbaceous_crops,men,pavilions,10
250254,1267.0,0.902878,42.708389,328250.0,4730650.0,7.6,1941.0,0.14425553838227717,0.7125193199381762,0.12210200927357033,0.0211231324059763,0.08088614116434828,0.36424523441524986,0.06800618238021638,0.008758371973209686,0.5218959299330242,0.0633693972179289,0.3482740855229263,0.05409582689335394,0.012364760432766615,0.4781040700669758,0.637300360638846,0.2241112828438949,0.13858835651725915,0.919629057187017,0.080370942812983,0.48480164863472436,0.03709428129829984,0.4348274085522926,0.04327666151468315,0.010819165378670788,0.00824317362184441,0.0190623390005152,0.12364760432766615,0.02359608449252962,0.0030911901081916537,0.00463678516228748,0.0077279752704791345,0.0061823802163833074,0.0020607934054611026,0.00824317362184441,0.0036063884595569293,0.02266872746007213,0.028851107676455434,0.05151983513652756,0.0077279752704791345,0.005151983513652756,0.0,0.0077279752704791345,0.15043791859866049,18.35,3.96,14.38,0.8325605358062854,0.639361154044307,0.7207624935600206,0.4750128799587841,0.8593508500772797,0.0005151983513652757,0.0,0.0005151983513652757,0.03915507470376095,10.7,22.1,29.5,37.7,70.2,0.7001545595054096,78.4,0.6970633693972179,64.4,37.1,0.7022153529108707,0.28438948995363217,0.2550231839258114,0.5394126738794436,0.5904173106646059,0.010819165378670788,1.1494075218959299,1.1705306543019063,0.12467800103039671,0.145801133436373,0.5461102524471921,0.2534775888717156,0.37094281298299847,0.10870685213807316,0.1391035548686244,0.5163420917053065,0.06800618238021638,0.0571870170015456,0.125193199381762,0.0005667181865018033,0.0010303967027305513,0.0007212776919113858,0.02122617207624936,0.00010303967027305513,0.02364760432766615,0.011695002575991757,0.011952601751674395,0.02364760432766615,0.3827923750643998,1.9237506439979393,5.468315301391035,22.701803194229775,0.13621844410097886,11.836166924265843,3.8016486347243688,0.2735703245749614,10.6913961875322,10.96496651210716,0.2735703245749614,0.0,0.04688304997424008,0.04688304997424008,0.015455950540958269,0.03142709943328181,0.0,0.006697578567748583,0.02472952086553323,1.497166409067491,0.0005151983513652757,0.14683153013910355,0.0020607934054611026,0.018031942297784646,0.49562081401339514,0.13446676970633695,0.2539927872230809,0.07058217413704276,0.9546625450798557,2.05,39.0,0.0015455950540958269,0.01076764554353426,avian,herbaceous_crops,men,other_facilities,1
430614,866.0,1.239575,41.495353,353050.0,4595325.0,3.0,48.0,0.041666666666666664,0.5625,0.375,0.020833333333333332,0.041666666666666664,0.3125,0.20833333333333334,0.0,0.5625,0.0,0.25,0.16666666666666666,0.020833333333333332,0.4375,0.7916666666666666,0.10416666666666667,0.10416666666666667,0.9375,0.0625,0.5208333333333334,0.041666666666666664,0.4166666666666667,0.020833333333333332,0.041666666666666664,0.0,0.041666666666666664,0.0,0.08182390978194996,0.0,0.0,0.0,0.020833333333333332,0.0,0.020833333333333332,0.0,0.10416666666666667,0.020833333333333332,0.125,0.0,0.0,0.0,0.0,-0.20833333333333334,-17.86,-8.93,-8.93,1.0625,1.0,1.0625,0.5208333333333334,1.0625,0.0,0.0,0.0,0.0625,19.5,29.3,26.8,24.4,70.49802355570478,0.8958333333333334,83.7,0.9375,66.7,47.8,0.9583333333333334,0.2344826765405304,0.17442667908772777,0.3125,0.3541666666666667,0.0,0.10416666666666667,0.10416666666666667,0.0,0.10627044019756682,0.10416666666666667,0.0,0.0,0.0625,0.20833333333333334,13.014375000000001,0.10416666666666667,0.08333333333333333,0.1875,0.0,0.0,0.0,0.010416666666666666,0.0,0.010416666666666666,0.010416666666666666,0.0,0.010416666666666666,0.6666666666666666,1.7708333333333333,3.0,731.7708333333334,3.2937499999999997,299.4791666666667,96.70833333333333,12.041666666666666,0.2916666666666667,12.333333333333334,12.041666666666666,0.0,0.6458333333333334,0.6458333333333334,0.6458333333333334,0.0,0.0,0.0,0.0,0.0,0.0,0.0,0.0,0.0,0.5625,0.14583333333333334,0.4166666666666667,0.08333333333333333,1.2083333333333333,2.3,68.6,0.0,0.0,bovine,herbaceous_crops,men,other_facilities,8
80930,1340.0,1.787631,42.251136,399985.0,4678455.0,0.7,27.0,0.07407407407407407,0.6666666666666666,0.25925925925925924,0.0,0.07407407407407407,0.4074074074074074,0.18518518518518517,0.0,0.6666666666666666,0.0,0.25925925925925924,0.07407407407407407,0.0,0.3333333333333333,0.9259259259259259,0.07407407407407407,0.0,1.0,0.0,0.6666666666666666,0.0,0.3333333333333333,0.0,0.0,0.037037037037037035,0.037037037037037035,0.0,0.010739498282406489,0.0,0.0,0.0,0.0,0.0,0.0,0.0,0.037037037037037035,0.0,0.037037037037037035,0.0,0.0,0.0,0.0,0.14814814814814814,13.33,-10.0,23.33,1.0600391523664683,0.9227729224588016,0.9616816649148798,0.6884141005820454,1.0647494586306816,0.0,0.0,0.0,0.07407407407407407,0.0,37.5,0.0,58.3,72.7893097896116,0.9259259259259259,92.0,1.0,77.8,68.0,0.9259259259259259,0.24939610780968297,0.18206900239744603,0.4444444444444444,0.5185185185185185,0.0,0.18156637579409182,0.21201719035556837,0.18518518518518517,0.18518518518518517,0.18456283384415328,0.0,0.0,0.04774159123538405,0.2222222222222222,35.7337037037037,0.12792520187559767,0.09347135424643267,0.18518518518518517,0.0,0.0,0.0,0.14074074074074072,0.0,0.14074074074074072,0.08518518518518518,0.05925925925925926,0.14074074074074072,0.4074074074074074,1.3703703703703705,1.8148148148148149,1286.4703703703703,7.203703703703703,920.8148148148148,243.1851851851852,0.9259259259259259,4.148148148148148,5.074074074074074,0.4687697304085602,0.0,0.07407407407407407,0.07407407407407407,0.0,0.07407407407407407,0.0,0.0,0.0,0.0,0.0,0.0,0.037037037037037035,0.5555555555555556,0.7407407407407407,0.2222222222222222,0.7037037037037037,0.14814814814814814,1.8148148148148149,1.98,80.7,0.0,0.0,Unknown,Unknown,men,other_facilities,19
251109,484.0,1.289997,41.786347,357900.0,4627550.0,402.8,7291.0,0.18707996159648882,0.7159511726786449,0.07817857632697847,0.018790289397887808,0.09751748731312578,0.3972020298998766,0.03593471403099712,0.006583459059113976,0.5372376903031134,0.08956247428336304,0.31874914277876837,0.042243862295981344,0.01220683033877383,0.4627623096968866,0.4571389384172267,0.055685091208339046,0.4871759703744342,0.4738718968591414,0.5261281031408586,0.2409820326429845,0.2962556576601289,0.2328898642161569,0.22987244548072966,0.008366479220957344,0.006994925250308599,0.015361404471265945,0.20298998765601425,0.01237141681525168,0.005623371279659855,0.006034837470854478,0.011658208750514333,0.003291729529556988,0.003566040323686737,0.006857769853243725,0.001097243176518996,-0.00795501302976272,0.005760526676724729,-0.002194486353037992,0.017281580030174187,0.013029762721163077,0.0037031957207516114,0.013578384309422575,0.4233987107392676,60.24,6.93,53.32,0.7343299958853381,0.48374708544781236,0.5318886298175833,0.37909751748731313,0.8749142778768344,0.0001371553970648745,0.0,0.0001371553970648745,0.006309148264984227,31.7,34.8,16.9,16.7,59.2,0.37704018653134,84.4,0.3793718282814429,58.9,44.7,0.3919901248114113,0.3039363598957619,0.21368810862707446,0.5176244685228364,0.531202852832259,0.5889452749965711,0.14497325469757236,0.7617610752983129,0.05074749691400356,0.07721848854752435,0.09834041969551502,0.0962830887395419,0.5671375668632561,0.021121931147990672,0.13701824166780963,0.1401687011383898,0.06802907694417776,0.05842819914963654,0.1264572760938143,0.001769304622136881,0.009943766287203401,0.0015087093677136195,0.014977369359484296,0.00220820189274448,0.030407351529282676,0.011356466876971609,0.01905088465231107,0.030407351529282676,0.3039363598957619,0.3452201344122891,0.4788094911534769,5.00281168563983,0.04367027842545604,2.779042655328487,0.5989576189823069,0.2714305307913866,0.01522424907420107,0.2866547798655877,0.2714305307913866,0.0004114661911946235,0.011521053353449459,0.011932519544644082,0.00973803319160609,0.002194486353037992,0.0,0.0009600877794541216,0.0001371553970648745,0.0028802633383623647,0.0,0.0,0.0001371553970648745,0.000548621588259498,0.4530242765052805,0.043066794678370594,0.11987381703470032,0.03634618022219174,0.6523110684405431,1.2,66.2,0.001371553970648745,11.473118913729255,avian,herbaceous_crops,men,other_facilities,1
